{"cameraMode":{"drawMode":0,"name":"Shaded","section":"Shading Mode"},"sceneLighting":false,"audioPlay":false,"sceneViewState":{"showFog":true,"showMaterialUpdate":false,"showSkybox":false,"showFlares":true,"showImageEffects":true,"showParticleSystems":true},"in2DMode":false,"pivot":{"x":0.1318812370300293,"y":-0.28802621364593508,"z":42.12194061279297},"rotation":{"x":-0.13400189578533173,"y":0.14601245522499085,"z":-0.01996670477092266,"w":-0.9799740314483643},"size":21.665924072265626,"orthographic":false}