{"cameraMode":{"drawMode":0,"name":"Shaded","section":"Shading Mode"},"sceneLighting":true,"audioPlay":false,"sceneViewState":{"showFog":true,"showMaterialUpdate":false,"showSkybox":true,"showFlares":true,"showImageEffects":true,"showParticleSystems":true},"in2DMode":false,"pivot":{"x":-11.870805740356446,"y":-4.390867233276367,"z":1.6147346496582032},"rotation":{"x":-0.14773696660995484,"y":0.3883739411830902,"z":-0.06323934346437454,"w":-0.9074156880378723},"size":11.54945182800293,"orthographic":false}